id,type,size,label
9,cluster,94,"interiorinspo,interiors,homedesign,interiorinspiration,decora,homedecor,blueandwhite,gardendesign,tablesetting,interior,interiorstyle,interiordetails,interiordesigner,homestyling,beautyguru,decor,interiorsinspo,interiordecor,bedroomdecor,decoration,tableware,vogueitalia,voguemagazine,vogueparis,antiques,pillows,tablescape,tabletop,interiorstyling,styleinspiration,elledecor,beautylover,homestyle,interiorismo,interiores,interiorideas,interiordecorator,interiordesigners,decoracao,decoracion,diningroomdecor,gardenflowers,decorative,harpersbazaar,beautygram,beautytips,decorate,bedroomdesign,homeinspo,homeinspiration,vogueaustralia,voguebrasil,housebeautiful,decorationideas,vogueusa,vogueuk,homeinterior,decorideas,blueandwhiteforever,topiary,styletips,curtains,decorativepillows,traditionalhome,styleicon,decorator,countrystyle,gardenstyle,tabledecor,diningroom,interiordesigns,interiorstylist,decoratingideas,decorated,decoraci,decorating,blueandwhitedecor,homedecoration,decorations,tablescapes,gardendecor,decorando,decorinspo,lampshades,hellomagazine,interiorsdesign,fashioninspo,homeideas,lampshade,decorazioni,decorazione,lamps,beautyaddict,styleaddict"
0,cluster,370,"colour,sunday,friday,weekend,coffee,monday,texture,red,moon,timeless,relax,flowers,white,holiday,easter,autumn,relaxing,green,sunset,seaside"
10,cluster,18,"europa,fashionstylist,voyage,traveling,palace,travelphotography,argentina,aloha,tiamo,eurotrip,europe,seattle,parisjetaime,pnw,italiana,washington,abroad,viaje"
16,cluster,21,"socialmedia,digital,branding,development,digitalmarketing,strategy,ecommerce,analytics,brand,influence,pr,socialmediamarketing,marketing,connecting,reputation,networking,loyalty,awareness,google,advertising,ambition"
8,cluster,7,"wool,modern,fairtrade,rug,moderndesign,designlife,telaviv"
1,cluster,23,"sydney,keychain,australia,streetstyle,bali,fashiondaily,mochila,manila,moscow,seoul,berlin,fashionaddict,streetstyleluxe,stylediaries,fashiondiaries,munich,santamonica,instablogger,itbag,philippines,verao2017,wayuubag,medellin"
2,cluster,39,"turquoise,earrings,necklace,jewellery,accessories,pendant,bracelets,silver,gift,sparkle,gold,jewelry,ring,shop,diamond,jewelrydesigner,goldplated,dressedup,bridal,shoppingaddict,rings,diamonds,antique,losangeles,hollywood,bride,shoppingtime,beverlyhills,bracelet,jewelrydesign,jewelryoftheday,evileye,armcandy,boutiques,promo,platinum,engagementring,instajewelry,antoniakarra"
17,cluster,11,"mensstyle,preppy,suit,mensfashion,menswear,menstyle,dapper,gentleman,menwithclass,sprezzatura,dandy"
14,cluster,24,"liguria,sicily,luxurytravel,beautifulhotels,villa,portofino,islands,privatetour,travelitaly,travelinstyle,taormina,belmondpostcards,travelandleisure,condenast,veneto,vip,bespoketravel,forbes,italianluxury,southernitaly,italianalluretravel,privatetours,viptravel,robbreport"
6,cluster,13,"photoshoot,photography,fashionshoot,lovemyjob,photo,photographer,l4l,instafollow,photograph,iphone7,producers,photomafia,producer"
5,cluster,12,"handbag,clutch,purse,bag,handbags,newstyle,women,trend,catwalk,fashionshow,influencer,instabag"
4,cluster,28,"lifestyleblogger,orangecounty,livemusic,followers,instacool,bestoftheday,pictureoftheday,california,palmsprings,cars,yachts,desert,instafun,newportbeach,bestofthebest,classiccars,lasvegas,sonomacounty,searanch,monterey,lovethisguy,visualmerchandising,californiacoast,palmdesert,carshow,caliliving,bestofday,carsofinstagram"
12,cluster,23,"amore,toscana,yoga,cake,bridge,goodlife,firenze,italiansdoitbetter,instadesign,malibu,primavera,vegan,meditation,traveldiary,yogajournal,yogaretreat,yogaeveryday,fiesole,mindfulness,expatlife,expat,yogaeverywhere,yourflorence"
3,cluster,16,"positano,amalficoast,capri,ravello,amalfi,sorrento,sorrentocoast,costieraamalfitana,costiera,praiano,atrani,maiori,salerno,amalfitana,villatreville,casaangelina"
18,cluster,8,"visitgreece,luxuryresort,crete,luxuryhotels,hotels,boutiquehotels,hotellife,costanavarino"
13,cluster,9,"boutiquehotel,designhotel,luxuryhotel,soho,kitkemp,thewhitbyhotel,designhotels,firmdalehotels,deluxehotel"
15,cluster,19,"in,international,luxuryhomes,luxuryhome,luxurylifestylemagazine,luxuryrealestate,villas,waterfront,realestate,luxuryproperties,realtor,listing,luxuryproperty,investment,overseas,propertydevelopment,investing,investor,aplaceinthesun"
20,cluster,12,"travelersnotebook,master,mytinyatlas,wanderer,travelworld,earthpix,igersperu,travelwithme,sonnenuntergang,passportready,ragazza,travel365"
11,cluster,10,"fa,myhome,instahome,mystyle,instadecor,decorhome,designdeinteriores,designerdeinteriores,byme,mesaposta"
7,cluster,10,"bedtime,sleeptight,buonanotte,buenasnoches,bonnenuit,gutenacht,sweetdreams,nightynight,goodnightworld,iyigeceler"
19,cluster,8,"picture,outdoor,composition,capture,foto,moment,pugliagram,instapuglia"
martaferrari9008,user,1,martaferrari9008
rsersale,user,1,rsersale
charr114,user,1,charr114
catespin,user,1,catespin
gianluca_widmer_photo,user,1,gianluca_widmer_photo
therakerussia,user,1,therakerussia
daragh07,user,1,daragh07
shopofficialboutique,user,1,shopofficialboutique
gavla_van,user,1,gavla_van
byjada,user,1,byjada
falierosarti,user,1,falierosarti
carolineberesforddesign,user,1,carolineberesforddesign
risalitigianni,user,1,risalitigianni
elenareich_interiors,user,1,elenareich_interiors
divinasecrets,user,1,divinasecrets
mjgiuls,user,1,mjgiuls
shopsamdupont,user,1,shopsamdupont
katelurie,user,1,katelurie
laotsesmy,user,1,laotsesmy
fanis_sim,user,1,fanis_sim
rosepassionblog,user,1,rosepassionblog
labandco,user,1,labandco
luxuryhomes_lifestyle,user,1,luxuryhomes_lifestyle
ciaoamalfi,user,1,ciaoamalfi
martimaran,user,1,martimaran
ounass,user,1,ounass
mitoswimwear,user,1,mitoswimwear
heawood,user,1,heawood
carlyhome,user,1,carlyhome
imagesbyruss,user,1,imagesbyruss
antocirina,user,1,antocirina
cdg_cgn_nrt,user,1,cdg_cgn_nrt
jp_boutique_amalfi,user,1,jp_boutique_amalfi
bettinacarpentieri,user,1,bettinacarpentieri
clau_she,user,1,clau_she
gpapage71,user,1,gpapage71
ddferg,user,1,ddferg
panamahattersangels,user,1,panamahattersangels
lestudiobleu,user,1,lestudiobleu
wayuuworld,user,1,wayuuworld
elena_fe,user,1,elena_fe
costanza_co.ro.jewels,user,1,costanza_co.ro.jewels
magamaison,user,1,magamaison
kathryniveyinteriors,user,1,kathryniveyinteriors
_mmmiriam,user,1,_mmmiriam
chadfab,user,1,chadfab
loveduck.paddington,user,1,loveduck.paddington
mariapaolabarrotta,user,1,mariapaolabarrotta
lisadavischessum,user,1,lisadavischessum
elisaveta_gv,user,1,elisaveta_gv
romichu90,user,1,romichu90
fabiana_rispoli,user,1,fabiana_rispoli
alinamalina26,user,1,alinamalina26
daniwriter,user,1,daniwriter
katherine_wilson74,user,1,katherine_wilson74
cabanalife,user,1,cabanalife
martihawkins,user,1,martihawkins
allisonspeerpr,user,1,allisonspeerpr
lwfabulouswardrobe,user,1,lwfabulouswardrobe
agapisbokou,user,1,agapisbokou
eastovercollection,user,1,eastovercollection
treasureofthesirens,user,1,treasureofthesirens
gday_la,user,1,gday_la
crown_rising,user,1,crown_rising
specchiodivenerevenice,user,1,specchiodivenerevenice
lidiacortinakarras,user,1,lidiacortinakarras
semaine_online,user,1,semaine_online
danifiore89,user,1,danifiore89
lesdupondt,user,1,lesdupondt
paulasanexplorer,user,1,paulasanexplorer
gdm.informatica.foto,user,1,gdm.informatica.foto
aidacecchetti,user,1,aidacecchetti
giolanocita,user,1,giolanocita
pumopugliese,user,1,pumopugliese
framel88,user,1,framel88
internodiciotto,user,1,internodiciotto
catdoglane,user,1,catdoglane
katiejdevine,user,1,katiejdevine
jenkinsfamilytravels,user,1,jenkinsfamilytravels
slsstyle,user,1,slsstyle
cindy.adams,user,1,cindy.adams
lug2loom,user,1,lug2loom
oliviatuffin,user,1,oliviatuffin
melrosexclusive,user,1,melrosexclusive
wonder_jewels_positano,user,1,wonder_jewels_positano
mrswim_ny,user,1,mrswim_ny
exclusivecruises,user,1,exclusivecruises
k_sologub,user,1,k_sologub
lawallys,user,1,lawallys
ristorantestellamaris_amalfi,user,1,ristorantestellamaris_amalfi
malen1916,user,1,malen1916
sharonsuhfoto,user,1,sharonsuhfoto
armandomtzacevedo,user,1,armandomtzacevedo
serginopiazza,user,1,serginopiazza
thayershardware,user,1,thayershardware
sofiabroggini,user,1,sofiabroggini
ashowroominparis,user,1,ashowroominparis
veronikpli,user,1,veronikpli
latuilealoup,user,1,latuilealoup
unamammaindisordine,user,1,unamammaindisordine
laurenskingsley,user,1,laurenskingsley
focusgriffintown,user,1,focusgriffintown
fromhanqing,user,1,fromhanqing
sofbarth,user,1,sofbarth
saveriasquarzoni,user,1,saveriasquarzoni
suziemajer,user,1,suziemajer
caitlinflynnramsdale,user,1,caitlinflynnramsdale
flyte.se,user,1,flyte.se
luigi_dls,user,1,luigi_dls
osvebra,user,1,osvebra
sabrinapilewicz,user,1,sabrinapilewicz
hannahpemann,user,1,hannahpemann
exploresimply,user,1,exploresimply
crazycatlady_oslo,user,1,crazycatlady_oslo
editapaperart,user,1,editapaperart
marie_pantaz,user,1,marie_pantaz
concordpillows,user,1,concordpillows
sachaveza,user,1,sachaveza
weardiversity,user,1,weardiversity
nizhoni.official,user,1,nizhoni.official
bellavventura,user,1,bellavventura
leggeranellaria,user,1,leggeranellaria
eauditalie_official,user,1,eauditalie_official
corallamaiuripersonal,user,1,corallamaiuripersonal
riccardonavone,user,1,riccardonavone
die_solette,user,1,die_solette
simi_mel,user,1,simi_mel
jenewilliams,user,1,jenewilliams
lledoo1900,user,1,lledoo1900
onefirebeach,user,1,onefirebeach
ojip81,user,1,ojip81
travelcocktail,user,1,travelcocktail
dolcevitaphotoart,user,1,dolcevitaphotoart
bo_chirathivat,user,1,bo_chirathivat
natalietheo,user,1,natalietheo
ranakorgul,user,1,ranakorgul
marikasue,user,1,marikasue
firmdale_hotels,user,1,firmdale_hotels
allie_clay,user,1,allie_clay
joshmadans,user,1,joshmadans
marechiara,user,1,marechiara
sosummy,user,1,sosummy
biarritz_blu,user,1,biarritz_blu
moncovio24,user,1,moncovio24
juli.pissi,user,1,juli.pissi
susanhonnell,user,1,susanhonnell
sassiswim,user,1,sassiswim
dylanrnash,user,1,dylanrnash
annaguardaaltamodasposa,user,1,annaguardaaltamodasposa
vibivenezia,user,1,vibivenezia
abicrissy,user,1,abicrissy
dlvecchio9,user,1,dlvecchio9
ecuafino,user,1,ecuafino
nancycharoenledlie,user,1,nancycharoenledlie
carlosmedinagv,user,1,carlosmedinagv
northern.gent,user,1,northern.gent
riccio_italy,user,1,riccio_italy
ra_ruiz,user,1,ra_ruiz
nomad97india,user,1,nomad97india
amalkapeninteriors,user,1,amalkapeninteriors
kerry_ddhome,user,1,kerry_ddhome
anchorsandacorns,user,1,anchorsandacorns
x.plora,user,1,x.plora
theucurve,user,1,theucurve
mamaefiglia,user,1,mamaefiglia
simonetbianco,user,1,simonetbianco
rozekuwait,user,1,rozekuwait
hailiechoi,user,1,hailiechoi
andybritanny,user,1,andybritanny
carlavanlunn,user,1,carlavanlunn
always_summer_folegandros,user,1,always_summer_folegandros
rideyourtime,user,1,rideyourtime
pineapplesandlove,user,1,pineapplesandlove
luxurylifetravel,user,1,luxurylifetravel
markfw,user,1,markfw
rksolidnyc,user,1,rksolidnyc
musepromotionalmarketing,user,1,musepromotionalmarketing
edths_iflowers,user,1,edths_iflowers
ann4lisa,user,1,ann4lisa
chitraalacati,user,1,chitraalacati
n_bok,user,1,n_bok
casiebamford,user,1,casiebamford
ultracard,user,1,ultracard
maisondomecq,user,1,maisondomecq
margamust,user,1,margamust
leathersatchel,user,1,leathersatchel
svennuomo,user,1,svennuomo
rachel_felson,user,1,rachel_felson
pilohstudio,user,1,pilohstudio
runningslowlywhilelaughing,user,1,runningslowlywhilelaughing
onmyheelssite,user,1,onmyheelssite
chris_orlikowski,user,1,chris_orlikowski
manak419,user,1,manak419
hair_born,user,1,hair_born
anto_dl,user,1,anto_dl
valed_a,user,1,valed_a
kasiasophia,user,1,kasiasophia
houseofweddingpositano,user,1,houseofweddingpositano
trasierra_life,user,1,trasierra_life
gbeevents,user,1,gbeevents
ryanedwards_93,user,1,ryanedwards_93
theorientline,user,1,theorientline
maraquici,user,1,maraquici
james_andrew,user,1,james_andrew
sjwbags,user,1,sjwbags
ants_pants,user,1,ants_pants
regina_morrone,user,1,regina_morrone
rebecca.2601,user,1,rebecca.2601
ladyfox,user,1,ladyfox
homestaycom,user,1,homestaycom
isit5oclockyet,user,1,isit5oclockyet
capital_gian,user,1,capital_gian
gustiini,user,1,gustiini
ashcebulka,user,1,ashcebulka
vonbehnke,user,1,vonbehnke
pauglinapauglina,user,1,pauglinapauglina
el_fitzo,user,1,el_fitzo
roseslens,user,1,roseslens
chateauboswell,user,1,chateauboswell
lucy_folk,user,1,lucy_folk
lilycay,user,1,lilycay
francesephotography,user,1,francesephotography
sophie_tzv,user,1,sophie_tzv
blakeo,user,1,blakeo
kearsleynotsearsley,user,1,kearsleynotsearsley
loftymix,user,1,loftymix
francosbar,user,1,francosbar
mermaid_in_motion,user,1,mermaid_in_motion
fildisi_antiparos,user,1,fildisi_antiparos
shivyaus,user,1,shivyaus
lucalarenza,user,1,lucalarenza
kimcdavies,user,1,kimcdavies
skiretzkovitzsch,user,1,skiretzkovitzsch
sissibiz,user,1,sissibiz
kgwriter,user,1,kgwriter
catwalkschoolgates,user,1,catwalkschoolgates
poshgirl247,user,1,poshgirl247
le_chas,user,1,le_chas
nives_official,user,1,nives_official
despinarob,user,1,despinarob
oliviamontiarduini,user,1,oliviamontiarduini
carskieyhouse,user,1,carskieyhouse
hair_sculptress_,user,1,hair_sculptress_
cedricreversade,user,1,cedricreversade
luxurytraveler.us,user,1,luxurytraveler.us
beadsource,user,1,beadsource
richardwengle,user,1,richardwengle
eclair132,user,1,eclair132
courtneykennedyshop,user,1,courtneykennedyshop
tamiwatkins,user,1,tamiwatkins
mariapatrikios,user,1,mariapatrikios
astridfranz_videomaker,user,1,astridfranz_videomaker
purolino.noosa,user,1,purolino.noosa
aligunn8,user,1,aligunn8
annoushkaducas,user,1,annoushkaducas
kmcouture1,user,1,kmcouture1
lanamaria16,user,1,lanamaria16
carmenlago1,user,1,carmenlago1
melanieleaj,user,1,melanieleaj
fio.nyc,user,1,fio.nyc
nevrsettl4less,user,1,nevrsettl4less
navalwives_tales,user,1,navalwives_tales
positanonews,user,1,positanonews
transfer_tour,user,1,transfer_tour
tarokh.irantravel1,user,1,tarokh.irantravel1
daisytkjp,user,1,daisytkjp
martinagamboni,user,1,martinagamboni
garmirenda,user,1,garmirenda
federicovsanden,user,1,federicovsanden
brekkefletch,user,1,brekkefletch
danamermaid,user,1,danamermaid
alexandrabloom_nyc,user,1,alexandrabloom_nyc
funkypelota,user,1,funkypelota
shoptheblake,user,1,shoptheblake
shopartesano,user,1,shopartesano
stefaniafuccieijgenberger,user,1,stefaniafuccieijgenberger
emiliano.ruocco,user,1,emiliano.ruocco
danaavidancohn,user,1,danaavidancohn
ole_lukoil,user,1,ole_lukoil
espialinteriors,user,1,espialinteriors
sf6033,user,1,sf6033
kathewilcoxon,user,1,kathewilcoxon
antoniakarra,user,1,antoniakarra
casaveintisiete,user,1,casaveintisiete
pedy52,user,1,pedy52
seren_london,user,1,seren_london
mariska_doevelaar,user,1,mariska_doevelaar
babssh,user,1,babssh
palomabluelondon,user,1,palomabluelondon
cok_alvarez,user,1,cok_alvarez
masseriatorremaizza,user,1,masseriatorremaizza
lisalandt,user,1,lisalandt
i.r.design,user,1,i.r.design
giulianicharter,user,1,giulianicharter
titti_in_giro,user,1,titti_in_giro
nujoudoweis,user,1,nujoudoweis
rr_alba,user,1,rr_alba
art_bible,user,1,art_bible
memyhealthyworld,user,1,memyhealthyworld
berenford.world,user,1,berenford.world
rwrightfeats,user,1,rwrightfeats
jaquebarreto_cerimonial,user,1,jaquebarreto_cerimonial
citrusandcedars,user,1,citrusandcedars
claudemorady,user,1,claudemorady
anna_g_fashion,user,1,anna_g_fashion
katja_charlescannon,user,1,katja_charlescannon
ablondon_abhi,user,1,ablondon_abhi
buy.followers.65,user,1,buy.followers.65
beatricefontanadesigner,user,1,beatricefontanadesigner
laceandluce,user,1,laceandluce
mimimundu,user,1,mimimundu
giedre_life,user,1,giedre_life
fbaldaro,user,1,fbaldaro
giulia.palumbo,user,1,giulia.palumbo
malicatering,user,1,malicatering
tribecaconceptstore,user,1,tribecaconceptstore
jillsharpstudio,user,1,jillsharpstudio
nusaindahsurfboards,user,1,nusaindahsurfboards
just_be_frank_official,user,1,just_be_frank_official
sagitine,user,1,sagitine
lorenza_urbano,user,1,lorenza_urbano
liviahengel,user,1,liviahengel
geminavel,user,1,geminavel
gianluca_piciuolo,user,1,gianluca_piciuolo
thepurepackage,user,1,thepurepackage
iremulku,user,1,iremulku
robertosalomonephotojournalist,user,1,robertosalomonephotojournalist
szilvia_mostdays,user,1,szilvia_mostdays
thewildrabbitkingham,user,1,thewildrabbitkingham
allemedicina,user,1,allemedicina
exposedzippers,user,1,exposedzippers
kolorowekredki,user,1,kolorowekredki
starphotographic,user,1,starphotographic
marielusa,user,1,marielusa
dompaga,user,1,dompaga
raffapan,user,1,raffapan
thejerseybreeze,user,1,thejerseybreeze
paolaposh,user,1,paolaposh
bowlerandbeach,user,1,bowlerandbeach
cazbarty,user,1,cazbarty
pk7d,user,1,pk7d
hockyourfrocks,user,1,hockyourfrocks
atravelistasguide,user,1,atravelistasguide
mynnorthamerica,user,1,mynnorthamerica
sundaratravel,user,1,sundaratravel
melissa_mastro91,user,1,melissa_mastro91
anisa_lika,user,1,anisa_lika
goodonyou_app,user,1,goodonyou_app
yiorgoskordakis,user,1,yiorgoskordakis
tito_pedrini_jewellery,user,1,tito_pedrini_jewellery
carlalovesphotography,user,1,carlalovesphotography
valentinaguttuso,user,1,valentinaguttuso
carolinelock,user,1,carolinelock
holliegowens,user,1,holliegowens
jessica.carvo,user,1,jessica.carvo
edenbeing,user,1,edenbeing
adibi50,user,1,adibi50
elkehanspach,user,1,elkehanspach
muebles_olego_santos,user,1,muebles_olego_santos
jpgaultier30,user,1,jpgaultier30
andjelicaaa,user,1,andjelicaaa
daproviaggi_touroperator,user,1,daproviaggi_touroperator
mediterranean_moves,user,1,mediterranean_moves
davidcasaphoto,user,1,davidcasaphoto
leparigine,user,1,leparigine
sebastien93430,user,1,sebastien93430
sharainicholson,user,1,sharainicholson
viadeirufolo22,user,1,viadeirufolo22
anitapezzotta1,user,1,anitapezzotta1
melanix97,user,1,melanix97
sam_gilmour,user,1,sam_gilmour
neishaparekh,user,1,neishaparekh
becagd,user,1,becagd
elks33,user,1,elks33
cecehaydock,user,1,cecehaydock
salty_empire,user,1,salty_empire
murrymckee,user,1,murrymckee
graceelisabethc,user,1,graceelisabethc
theodorahome,user,1,theodorahome
miriamonaram,user,1,miriamonaram
kate__middleton__,user,1,kate__middleton__
live_the_dream_now,user,1,live_the_dream_now
laughlandjones,user,1,laughlandjones
gwenwinarno,user,1,gwenwinarno
maredimoda,user,1,maredimoda
biciofabi,user,1,biciofabi
coconutcollab,user,1,coconutcollab
christenmaxwell,user,1,christenmaxwell
melvin0619,user,1,melvin0619
lindsay_burg,user,1,lindsay_burg
sophiepetitmilano,user,1,sophiepetitmilano
groova08,user,1,groova08
saraisbixito,user,1,saraisbixito
patmosaktis,user,1,patmosaktis
ennipan,user,1,ennipan
eurekaceramichedarte,user,1,eurekaceramichedarte
feedelonofficial,user,1,feedelonofficial
flightfeathers,user,1,flightfeathers
theodoreandcompany,user,1,theodoreandcompany
billyteee,user,1,billyteee
theenglishroom,user,1,theenglishroom
zia_saimon,user,1,zia_saimon
stellastorm_official,user,1,stellastorm_official
mr.bungalow,user,1,mr.bungalow
riri2310,user,1,riri2310
theefrenchtulip,user,1,theefrenchtulip
peterjbregoli,user,1,peterjbregoli
astraeaparis,user,1,astraeaparis
maviada.jewellery,user,1,maviada.jewellery
buonanotte_barbanera,user,1,buonanotte_barbanera
style_design_a_life_you_love,user,1,style_design_a_life_you_love
nadiakovy,user,1,nadiakovy
bygloriagonzalez,user,1,bygloriagonzalez
rahmahumayya,user,1,rahmahumayya
kvnitsme,user,1,kvnitsme
theluxuryboudoir,user,1,theluxuryboudoir
mataharifinejewellery,user,1,mataharifinejewellery
apoella,user,1,apoella
essentiapuglia,user,1,essentiapuglia
torylariar,user,1,torylariar
mishstagram,user,1,mishstagram
alexandradfoster,user,1,alexandradfoster
lilian.mills,user,1,lilian.mills
carolinekinsolving,user,1,carolinekinsolving
happytilla,user,1,happytilla
_rachelanthony,user,1,_rachelanthony
yourgirlleonie,user,1,yourgirlleonie
liebe_anta,user,1,liebe_anta
oxfordprivatetravel,user,1,oxfordprivatetravel
orihip._.juju,user,1,orihip._.juju
lemon_point,user,1,lemon_point
trailerfash,user,1,trailerfash
maezae,user,1,maezae
helen_ballard,user,1,helen_ballard
belindacappiello,user,1,belindacappiello
oscarhumphries,user,1,oscarhumphries
ber_maria,user,1,ber_maria
linagavra,user,1,linagavra
drpinarbaksicebe,user,1,drpinarbaksicebe
juditbrad,user,1,juditbrad
afrodite_lwe,user,1,afrodite_lwe
v_beee,user,1,v_beee
olivesandvines,user,1,olivesandvines
evrenkayar,user,1,evrenkayar
missfuchsia,user,1,missfuchsia
pasqualecaravano,user,1,pasqualecaravano
francescocandurro,user,1,francescocandurro
nives012,user,1,nives012
jendior821,user,1,jendior821
calacorallo,user,1,calacorallo
minywanders,user,1,minywanders
ninniamalficoast,user,1,ninniamalficoast
gxgcollective,user,1,gxgcollective
bennybelle,user,1,bennybelle
phoede,user,1,phoede
kateelizabethvi,user,1,kateelizabethvi
amalia3gr,user,1,amalia3gr
gellynaf,user,1,gellynaf
dkatsi,user,1,dkatsi
simonamazzi,user,1,simonamazzi
amandasmiller1,user,1,amandasmiller1
yourexpertagentfl,user,1,yourexpertagentfl
elena_vezirtzi,user,1,elena_vezirtzi
mariellenoble,user,1,mariellenoble
lorikarenlovejoy,user,1,lorikarenlovejoy
lamplighterlondon,user,1,lamplighterlondon
apollinerisser,user,1,apollinerisser
sandandseaclub,user,1,sandandseaclub
raraborse,user,1,raraborse
binnywear,user,1,binnywear
chroma_rohka,user,1,chroma_rohka
nadine.j,user,1,nadine.j
ladynadialordgg,user,1,ladynadialordgg
pitchmystyle,user,1,pitchmystyle
giuliabermodena,user,1,giuliabermodena
villasolandra,user,1,villasolandra
augusta__,user,1,augusta__
ysl2y,user,1,ysl2y
ivanailinjova,user,1,ivanailinjova
santhosh_retreats,user,1,santhosh_retreats
positano_li,user,1,positano_li
janepollymacky,user,1,janepollymacky
giannetti65,user,1,giannetti65
andrearm68,user,1,andrearm68
leanneitalie_supercarlover,user,1,leanneitalie_supercarlover
natgrosby,user,1,natgrosby
medy1978,user,1,medy1978
giulia_sersale,user,1,giulia_sersale
gizemo,user,1,gizemo
antigonidanou,user,1,antigonidanou
amos12343,user,1,amos12343
lamejunderssen,user,1,lamejunderssen
lucaferrro,user,1,lucaferrro
samarbreitem,user,1,samarbreitem
allegrasidylls,user,1,allegrasidylls
villa__coralia,user,1,villa__coralia
catherine.stern,user,1,catherine.stern
tonya_cruickshank,user,1,tonya_cruickshank
citychic4ever__,user,1,citychic4ever__
agwwriter,user,1,agwwriter
simonesilv,user,1,simonesilv
sonia_miller30,user,1,sonia_miller30
wonderbag,user,1,wonderbag
illeego,user,1,illeego
cassieousta,user,1,cassieousta
sonjabonk,user,1,sonjabonk
stephaniedoumtsis.makeup,user,1,stephaniedoumtsis.makeup
magalyopice,user,1,magalyopice
madison_hall_chicago,user,1,madison_hall_chicago
majovanoye,user,1,majovanoye
ferodeurbina,user,1,ferodeurbina
pkpratt,user,1,pkpratt
venznl,user,1,venznl
marilita75,user,1,marilita75
josefina_guedes,user,1,josefina_guedes
mrfrankbaraan,user,1,mrfrankbaraan
stylewmonica,user,1,stylewmonica
kristenmcginnis,user,1,kristenmcginnis
ildelfinodipositanocammarano,user,1,ildelfinodipositanocammarano
moonxnymph,user,1,moonxnymph
gillhayhoe,user,1,gillhayhoe
redcarterofficial,user,1,redcarterofficial
ameliahaz,user,1,ameliahaz
bellinitravel,user,1,bellinitravel
travelaurel,user,1,travelaurel
trulli_resort,user,1,trulli_resort
rachelblindauer,user,1,rachelblindauer
wandpdesign,user,1,wandpdesign
theboutiqueniagarafalls,user,1,theboutiqueniagarafalls
grantbriskinphl,user,1,grantbriskinphl
gypsetter22,user,1,gypsetter22
amanyyassingallery,user,1,amanyyassingallery
mydogearedpages,user,1,mydogearedpages
gaetano1302,user,1,gaetano1302
sophieinmonaco,user,1,sophieinmonaco
suesloan1703,user,1,suesloan1703
thewearnecessities,user,1,thewearnecessities
libbyblakey,user,1,libbyblakey
hannahcurranina,user,1,hannahcurranina
vickymoss7270,user,1,vickymoss7270
archeinfootwear,user,1,archeinfootwear
thenewdenimproject,user,1,thenewdenimproject
8knotstowels,user,1,8knotstowels
evybandeca,user,1,evybandeca
daysatseahotel,user,1,daysatseahotel
trevorbornmd,user,1,trevorbornmd
susieshein,user,1,susieshein
jjapicella,user,1,jjapicella
alicek0128,user,1,alicek0128
mypositano,user,1,mypositano
riadlej,user,1,riadlej
roulahatz,user,1,roulahatz
sandra_a_jensen,user,1,sandra_a_jensen
annieeveringham,user,1,annieeveringham
judy30a_,user,1,judy30a_
yogabarn,user,1,yogabarn
italianfood_abroad,user,1,italianfood_abroad
nomadicfriends,user,1,nomadicfriends
escapesatolivesandvines,user,1,escapesatolivesandvines
thankstoyou_pgh,user,1,thankstoyou_pgh
louisepascal,user,1,louisepascal
valeriomarrapese,user,1,valeriomarrapese
brianboye,user,1,brianboye
olinbarnes,user,1,olinbarnes
lauralucci,user,1,lauralucci
mr.panama69,user,1,mr.panama69
eirini_dardari,user,1,eirini_dardari
alececilfoc,user,1,alececilfoc
thepcagency,user,1,thepcagency
martinb.london,user,1,martinb.london
abnormal_lera,user,1,abnormal_lera
solha.kim,user,1,solha.kim
bene1810,user,1,bene1810
baritaliagoldcoast,user,1,baritaliagoldcoast
boxwoodhomeandinteriors,user,1,boxwoodhomeandinteriors
mimilarag,user,1,mimilarag
lizdoodle,user,1,lizdoodle
filippojnmarchetta,user,1,filippojnmarchetta
consigliacantile,user,1,consigliacantile
laurettadamato,user,1,laurettadamato
oliviajoffrey,user,1,oliviajoffrey
nicandtom,user,1,nicandtom
lisacortihte,user,1,lisacortihte
julianarudell,user,1,julianarudell
mydecodesigner,user,1,mydecodesigner
roshl,user,1,roshl
cactuslifestyle,user,1,cactuslifestyle
usedtokyo,user,1,usedtokyo
followingmyhappy,user,1,followingmyhappy
kate_dunn_primel,user,1,kate_dunn_primel
amalficoast_,user,1,amalficoast_
kashandlana,user,1,kashandlana
pasqualedimeglio,user,1,pasqualedimeglio
corallamaiuri,user,1,corallamaiuri
noelle30,user,1,noelle30
esagramma,user,1,esagramma
_fashionedge_,user,1,_fashionedge_
idconceptstores,user,1,idconceptstores
andreafloriophoto,user,1,andreafloriophoto
naigregory,user,1,naigregory
franzinha_b,user,1,franzinha_b
maria_marienza_mammato,user,1,maria_marienza_mammato
andro_est2014,user,1,andro_est2014
lapancia_mr.white,user,1,lapancia_mr.white
cocolinistyle,user,1,cocolinistyle
doyakarolini,user,1,doyakarolini
az_t,user,1,az_t
menshealthstyle,user,1,menshealthstyle
ziggyna,user,1,ziggyna
ashleighvicobeautyateclipse,user,1,ashleighvicobeautyateclipse
amaltzimogianni,user,1,amaltzimogianni
thetuscantravelista,user,1,thetuscantravelista
atelier_allison,user,1,atelier_allison
mr_bumper,user,1,mr_bumper
david.arabidze,user,1,david.arabidze
londonmeetsparis,user,1,londonmeetsparis
marcocascone,user,1,marcocascone
cotone_clothes,user,1,cotone_clothes
tomaz.mari,user,1,tomaz.mari
busattiatlanta,user,1,busattiatlanta
casaangelinalifestyle,user,1,casaangelinalifestyle
malusitap,user,1,malusitap
rosromina,user,1,rosromina
prernabalani,user,1,prernabalani
quin.official,user,1,quin.official
itirovski,user,1,itirovski
katealkarnigallery,user,1,katealkarnigallery
cathyswett,user,1,cathyswett
wordsthatbreathe,user,1,wordsthatbreathe
yigittellioglu,user,1,yigittellioglu
andivanzyl,user,1,andivanzyl
njoylifefirst,user,1,njoylifefirst
sherbert4life,user,1,sherbert4life
salernowedding,user,1,salernowedding
thesurfclubmiamibeach,user,1,thesurfclubmiamibeach
rebeccafisherstudio,user,1,rebeccafisherstudio
pepitodelavega99,user,1,pepitodelavega99
millieandgreen,user,1,millieandgreen
lessisamorefirenze,user,1,lessisamorefirenze
merrilyverilyvintage,user,1,merrilyverilyvintage
elisa_calligaris,user,1,elisa_calligaris
nurus.sabah,user,1,nurus.sabah
juliaroseandcompany,user,1,juliaroseandcompany
alycepilgrim,user,1,alycepilgrim
cabanavintage,user,1,cabanavintage
florencesaineloiselle,user,1,florencesaineloiselle
keith_b_teague_designs_,user,1,keith_b_teague_designs_
julie_b_yxe,user,1,julie_b_yxe
tuttobelloamore,user,1,tuttobelloamore
aileroo,user,1,aileroo
bayanhariri,user,1,bayanhariri
storycollections,user,1,storycollections
l_ocora,user,1,l_ocora
begumtellioglu,user,1,begumtellioglu
ivonesantos,user,1,ivonesantos
susu010101,user,1,susu010101
seastarbeachwear,user,1,seastarbeachwear
orbernstein,user,1,orbernstein
esraavas,user,1,esraavas
dilettafenicia,user,1,dilettafenicia
goldiezaldivar,user,1,goldiezaldivar
michelelablog,user,1,michelelablog
alinecoquelle,user,1,alinecoquelle
lgurvichvintage,user,1,lgurvichvintage
mikewill53,user,1,mikewill53
5am_cuts,user,1,5am_cuts
macarenatb,user,1,macarenatb
gmarch.gm,user,1,gmarch.gm
houseofdharma,user,1,houseofdharma
stefaniaperrone,user,1,stefaniaperrone
theahavlin,user,1,theahavlin
paolagmagnoni,user,1,paolagmagnoni
klotho_thread_of_time,user,1,klotho_thread_of_time
mariasgoneee,user,1,mariasgoneee
robynbeatriceroberts,user,1,robynbeatriceroberts
pennyfrancesapothecary,user,1,pennyfrancesapothecary
kapok,user,1,kapok
johnarcaraphotography,user,1,johnarcaraphotography
_jeuxdeau_,user,1,_jeuxdeau_
pineapplecrownuk,user,1,pineapplecrownuk
twonewyork,user,1,twonewyork
oppidaneducation,user,1,oppidaneducation
vasiliki_tsantila,user,1,vasiliki_tsantila
novel.fineries,user,1,novel.fineries
italiansummersbylisa,user,1,italiansummersbylisa
kirstyhchow,user,1,kirstyhchow
odp_collection,user,1,odp_collection
biaspeckham,user,1,biaspeckham
lejeune.leopoldine,user,1,lejeune.leopoldine
mari_yano,user,1,mari_yano
raffaeledellaria,user,1,raffaeledellaria
lehuabeauty,user,1,lehuabeauty
dreammakers.decor,user,1,dreammakers.decor
amalficoastlovers,user,1,amalficoastlovers
alechiodi78,user,1,alechiodi78
emychic_official,user,1,emychic_official
karagerson,user,1,karagerson
manu.cavallo,user,1,manu.cavallo
tommasospinzi,user,1,tommasospinzi
apprecier_fashion,user,1,apprecier_fashion
erikageara,user,1,erikageara
veritomiami,user,1,veritomiami
luxetiffany,user,1,luxetiffany
etistylefile,user,1,etistylefile
amelia_pappas,user,1,amelia_pappas
louiszam,user,1,louiszam
mellyyc,user,1,mellyyc
louise_friedlaender,user,1,louise_friedlaender
rose.roam,user,1,rose.roam
emrldisle,user,1,emrldisle
vdphelsinki,user,1,vdphelsinki
lesirenuse,user,1,lesirenuse
kateloughtravel,user,1,kateloughtravel
pochevillecatering,user,1,pochevillecatering
margiemiklas,user,1,margiemiklas
mr_poey,user,1,mr_poey
mgluckypig,user,1,mgluckypig
bottegaegnazia,user,1,bottegaegnazia
maria_kofidou,user,1,maria_kofidou
global_adventuress,user,1,global_adventuress
mmaren,user,1,mmaren
sqa2022,user,1,sqa2022
theonefiftysix,user,1,theonefiftysix
naybs,user,1,naybs
ladivinacostiera,user,1,ladivinacostiera
jackieillustrated,user,1,jackieillustrated
roxyinthecity,user,1,roxyinthecity
saleinsolubile,user,1,saleinsolubile
mazjoseph,user,1,mazjoseph
palorosaproject,user,1,palorosaproject
potencialidades,user,1,potencialidades
momoe74,user,1,momoe74
condottasuite14,user,1,condottasuite14
julianebailey,user,1,julianebailey
betsypie,user,1,betsypie
maria__aiello,user,1,maria__aiello
stella_cadente14,user,1,stella_cadente14
tzniutstyle24,user,1,tzniutstyle24
bungaloweight,user,1,bungaloweight
carlapositano,user,1,carlapositano
kimmcsweeney52,user,1,kimmcsweeney52
wanderwithjojo,user,1,wanderwithjojo
njcubangirl,user,1,njcubangirl
thestylejunkiestravel,user,1,thestylejunkiestravel
joeknightuk,user,1,joeknightuk
maurakent,user,1,maurakent
sarafitzmaurice,user,1,sarafitzmaurice
romexlove,user,1,romexlove
robertolepore,user,1,robertolepore
emmacalvertjewellery,user,1,emmacalvertjewellery
iakopi,user,1,iakopi
cocoloca89,user,1,cocoloca89
lieutenantlanvin,user,1,lieutenantlanvin
mariolsenfarah,user,1,mariolsenfarah
jessiepbraun,user,1,jessiepbraun
mywhitet,user,1,mywhitet
etiquetteitaly,user,1,etiquetteitaly
eliasabdelnour,user,1,eliasabdelnour
evrenkali2,user,1,evrenkali2
sheagrafik,user,1,sheagrafik
ladyfoxmags,user,1,ladyfoxmags
adacanamares,user,1,adacanamares
ruralpub,user,1,ruralpub
mrsrafdow,user,1,mrsrafdow
sgetiquette,user,1,sgetiquette
jelizaveta,user,1,jelizaveta
danielledrollins,user,1,danielledrollins
switchesandbeaches,user,1,switchesandbeaches
checcoluzi,user,1,checcoluzi
lisoire,user,1,lisoire
michelepetrone77,user,1,michelepetrone77
rawcontent,user,1,rawcontent
minikoshop,user,1,minikoshop
fionafidder,user,1,fionafidder
mimosa.hsu,user,1,mimosa.hsu
___letizia___,user,1,___letizia___
alcazar.javi,user,1,alcazar.javi
kwslippers,user,1,kwslippers
laputenas,user,1,laputenas
tessconners,user,1,tessconners
nslifestylesblog,user,1,nslifestylesblog
federicasant,user,1,federicasant
francesca_calligaris,user,1,francesca_calligaris
makeupthiene,user,1,makeupthiene
4nc4,user,1,4nc4
misterbar_capri_,user,1,misterbar_capri_
apresannette,user,1,apresannette
pollyonvoyage,user,1,pollyonvoyage
burcin.onur,user,1,burcin.onur
rimaglio,user,1,rimaglio
dennislauritzen,user,1,dennislauritzen
artigianatoepalazzo,user,1,artigianatoepalazzo
serragoney,user,1,serragoney
chrisyuenying,user,1,chrisyuenying
morganpatricialove,user,1,morganpatricialove
mrsclaireffe,user,1,mrsclaireffe
gianni_s_boats_capri,user,1,gianni_s_boats_capri
malama_boutique,user,1,malama_boutique
navis1921,user,1,navis1921
magazat,user,1,magazat
ashleymoos10,user,1,ashleymoos10
wreckedvintage,user,1,wreckedvintage
manuelavernaccini,user,1,manuelavernaccini
callmeliene,user,1,callmeliene
holly_anna_1,user,1,holly_anna_1
minabagiota,user,1,minabagiota
sugokuiievents,user,1,sugokuiievents
toyasky,user,1,toyasky
spenny_g,user,1,spenny_g
nichefila,user,1,nichefila
paulaminhos,user,1,paulaminhos
elizabethswiftdesign,user,1,elizabethswiftdesign
margaaaux.s,user,1,margaaaux.s
michele.wise,user,1,michele.wise
grayscale_pr,user,1,grayscale_pr
catherinelbloom,user,1,catherinelbloom
karelkkaram,user,1,karelkkaram
tarasdolcevita,user,1,tarasdolcevita
villatreville,user,1,villatreville
monicamahoney,user,1,monicamahoney
elizabethladendorf,user,1,elizabethladendorf
studiobusso,user,1,studiobusso
annewolfepostic,user,1,annewolfepostic
random_yorch,user,1,random_yorch
trevillebeachclub,user,1,trevillebeachclub
dkorpman,user,1,dkorpman
francaseverini,user,1,francaseverini
minasliristis,user,1,minasliristis
rossgolightly,user,1,rossgolightly
storiesbykine,user,1,storiesbykine
jetsetreport,user,1,jetsetreport
nefes2014,user,1,nefes2014
sorellesforza,user,1,sorellesforza
monilaurie,user,1,monilaurie
sleepinjiva,user,1,sleepinjiva
msrebeccaw,user,1,msrebeccaw
fasteddyspencer,user,1,fasteddyspencer
holycaftan,user,1,holycaftan
fraaesposito,user,1,fraaesposito
stylezza,user,1,stylezza
meryledavis,user,1,meryledavis
yourcamilla,user,1,yourcamilla
chelseaprice,user,1,chelseaprice
missvictoriachristian,user,1,missvictoriachristian
coteswim,user,1,coteswim
bbberenger,user,1,bbberenger
paolofilippo_fantoni,user,1,paolofilippo_fantoni
jacopobuffa,user,1,jacopobuffa
d_kinging,user,1,d_kinging
avondaletravel,user,1,avondaletravel
hezlet,user,1,hezlet
lawology.com.au,user,1,lawology.com.au
thesunrisekids,user,1,thesunrisekids
stitchedbymitch,user,1,stitchedbymitch
sandraluziaschafroth,user,1,sandraluziaschafroth
rstpeters,user,1,rstpeters
ladoublej,user,1,ladoublej
gastronovoyage,user,1,gastronovoyage
valeria.szabo,user,1,valeria.szabo
ferruccio_lambiase,user,1,ferruccio_lambiase
yatracollection,user,1,yatracollection
nerminale,user,1,nerminale
maricaevents,user,1,maricaevents
mandorle_2483,user,1,mandorle_2483
designer_theory,user,1,designer_theory
cordelaney,user,1,cordelaney
n1agency,user,1,n1agency
tischnewyork,user,1,tischnewyork
kk_pike,user,1,kk_pike
bowerswimwear,user,1,bowerswimwear
nick.spinatelli,user,1,nick.spinatelli
venumagazine,user,1,venumagazine
florenceavignant,user,1,florenceavignant
amvu1505,user,1,amvu1505
lesliemodel,user,1,lesliemodel
bardot_oc,user,1,bardot_oc
grayandco,user,1,grayandco
sophiehanby,user,1,sophiehanby
ristorantelacambusapositano,user,1,ristorantelacambusapositano
thechicjetsetter,user,1,thechicjetsetter
t_happen,user,1,t_happen
faruk_shehu,user,1,faruk_shehu
carlocalyps,user,1,carlocalyps
elenamoretti__,user,1,elenamoretti__
annetornroos,user,1,annetornroos
rodearagao,user,1,rodearagao
andi_bagus,user,1,andi_bagus
diversionstravel,user,1,diversionstravel
fboitalia1,user,1,fboitalia1
cindylb22,user,1,cindylb22
cdmtraveling,user,1,cdmtraveling
bombiger,user,1,bombiger
catherineturek,user,1,catherineturek
domgr,user,1,domgr
blue_gardens,user,1,blue_gardens
hamza.benomar,user,1,hamza.benomar
meme.london,user,1,meme.london
italianalluretravel,user,1,italianalluretravel
juln.gaman,user,1,juln.gaman
noelle_hilario,user,1,noelle_hilario
olgadoumet,user,1,olgadoumet
helenemurdoch33,user,1,helenemurdoch33
cordeliajames,user,1,cordeliajames
hesperfox,user,1,hesperfox
sgonzen,user,1,sgonzen
stellasognante,user,1,stellasognante
itsmeitsmiri,user,1,itsmeitsmiri
fromjaipurwithlove,user,1,fromjaipurwithlove
lbardishoes,user,1,lbardishoes
knot_all_who_wander,user,1,knot_all_who_wander
becreeves,user,1,becreeves
donnagirl75,user,1,donnagirl75
hisbateauherchateau,user,1,hisbateauherchateau
brownlowinteriordesign,user,1,brownlowinteriordesign
whiskyalfa,user,1,whiskyalfa
clearhosp25,user,1,clearhosp25
gigiwon,user,1,gigiwon
secondemaindeluxe,user,1,secondemaindeluxe
vickykalofolias,user,1,vickykalofolias
thehaflife,user,1,thehaflife
mattlynch40,user,1,mattlynch40
matildavicent,user,1,matildavicent
marikagazzard,user,1,marikagazzard
vivaglammag,user,1,vivaglammag
federica_gervasoni,user,1,federica_gervasoni
moniquephoto,user,1,moniquephoto
chloe_and_frank,user,1,chloe_and_frank
kokoon_store,user,1,kokoon_store
mrstaschen,user,1,mrstaschen
brianbranton,user,1,brianbranton
g.delvecchio79,user,1,g.delvecchio79
mralejandro,user,1,mralejandro
librarygirlpresents,user,1,librarygirlpresents
sven_maleszka,user,1,sven_maleszka
indigotilt,user,1,indigotilt
sjvillaslondon,user,1,sjvillaslondon
katiekeener,user,1,katiekeener
style_818,user,1,style_818
manuelamezcuaruiz,user,1,manuelamezcuaruiz
theseventhduchess,user,1,theseventhduchess
pippahbeachstyle,user,1,pippahbeachstyle
gorgo_la_meduse,user,1,gorgo_la_meduse
vickiapo,user,1,vickiapo
chevilleshoes,user,1,chevilleshoes
azzurraceramica,user,1,azzurraceramica
angedesveaux,user,1,angedesveaux
georgestratigis,user,1,georgestratigis
marshas01,user,1,marshas01
renata_tikvic,user,1,renata_tikvic
ottoistschwanger,user,1,ottoistschwanger
mikibag_handbag_made_in_italy,user,1,mikibag_handbag_made_in_italy
sam_bottega,user,1,sam_bottega
fincacortesin,user,1,fincacortesin
mooremelissa56,user,1,mooremelissa56
pixstock,user,1,pixstock
t.kamogen,user,1,t.kamogen
hotelsavoy,user,1,hotelsavoy
olsenhome,user,1,olsenhome
rosafrankis,user,1,rosafrankis
anamarcarmona,user,1,anamarcarmona
le_ruts,user,1,le_ruts
naturalbornpreneur,user,1,naturalbornpreneur
rachierobb,user,1,rachierobb
houseof1000fabrics,user,1,houseof1000fabrics
kikuluci,user,1,kikuluci
jmfm_s,user,1,jmfm_s
sarayavandreumel,user,1,sarayavandreumel
antoniosersale,user,1,antoniosersale
mich_haw,user,1,mich_haw
_____bettina_____,user,1,_____bettina_____
sundaytimesfood,user,1,sundaytimesfood
poojithaou,user,1,poojithaou
carlypaiker_jewellery,user,1,carlypaiker_jewellery
mdemdesigns,user,1,mdemdesigns
enricocuc196_positano,user,1,enricocuc196_positano
charlieking0803,user,1,charlieking0803
angelinapezone,user,1,angelinapezone
pirotecnicamansi,user,1,pirotecnicamansi
a_capri_life,user,1,a_capri_life
imarmottini,user,1,imarmottini
jfd_ca,user,1,jfd_ca
terisstar,user,1,terisstar
thestorenikikartsona,user,1,thestorenikikartsona
giusyma81,user,1,giusyma81
capo_0,user,1,capo_0
dodo_lucy,user,1,dodo_lucy
klaudiawasiela,user,1,klaudiawasiela
kissser,user,1,kissser
nataliebrunell,user,1,nataliebrunell
ilfedebanfi,user,1,ilfedebanfi
champagnedetours,user,1,champagnedetours
vaccafoeda,user,1,vaccafoeda
al_ties,user,1,al_ties
myhomehotels,user,1,myhomehotels
philein81,user,1,philein81
petravanroon,user,1,petravanroon
wanderlustful.dreams,user,1,wanderlustful.dreams
rarebirdswimwear,user,1,rarebirdswimwear
bethaniahome,user,1,bethaniahome
atelier_amme,user,1,atelier_amme
sprezza.spain,user,1,sprezza.spain
brian_valmonte,user,1,brian_valmonte
frankellett,user,1,frankellett
famof5macs,user,1,famof5macs
gianniungaro,user,1,gianniungaro
cristina_serafini_sauli,user,1,cristina_serafini_sauli
inspired_hydra,user,1,inspired_hydra
alexisdeaville,user,1,alexisdeaville
moiranardone,user,1,moiranardone
cherylcosta_price,user,1,cherylcosta_price
furtherexposure,user,1,furtherexposure
neapolitan_sunflower,user,1,neapolitan_sunflower
sarahamandabray,user,1,sarahamandabray
barbarafacanha,user,1,barbarafacanha
eyespybykg,user,1,eyespybykg
brynnmondary,user,1,brynnmondary
wolfinkitchen,user,1,wolfinkitchen
notegate.noteworthy,user,1,notegate.noteworthy
maisie.flight,user,1,maisie.flight
kostyalstockholm,user,1,kostyalstockholm
laboratorioparavicini,user,1,laboratorioparavicini
spratlingsilver,user,1,spratlingsilver
twentypetworth,user,1,twentypetworth
mariagoldknudsen,user,1,mariagoldknudsen
lash.allure_sydney,user,1,lash.allure_sydney
epitome.xyz,user,1,epitome.xyz
matteo.gasparini.milano.italy,user,1,matteo.gasparini.milano.italy
jolenedetillion,user,1,jolenedetillion
circa_vintage_house,user,1,circa_vintage_house
nathiaroga,user,1,nathiaroga
sofia.joelsson,user,1,sofia.joelsson
monayoon,user,1,monayoon
norajameshomestyle,user,1,norajameshomestyle
andreasbcn,user,1,andreasbcn
